Model,Test_Accuracy,Val_Accuracy,Macro_F1,Weighted_F1,Status
Random Forest,0.9863387978142076,0.9890710382513661,0.986068593432708,0.9865814545514846,Success
Xgboost,0.9890710382513661,1.0,0.9766293918593718,0.9890618015060331,Success
Svm,1.0,1.0,1.0,1.0,Success
Ensemble,0.0,0.0,0.0,0.0,Failed
