Model,Test_Accuracy,Val_Accuracy,Macro_F1,Weighted_F1,Performance_F1,Legitimacy_F1,Status
Logistic Regression,0.9344262295081968,0.967741935483871,0.6494252873563219,0.9240625588844922,0.9655172413793104,0.3333333333333333,Success
Naive Bayes,0.9344262295081968,0.9354838709677419,0.4830508474576271,0.9027507641011392,0.9661016949152542,0.0,Success
Sentence Bert,0.0,0.0,0.0,0.0,0.0,0.0,Failed
Camembert,0.0,0.0,0.0,0.0,0.0,0.0,Failed
